Tiếng Anh,Tiếng Việt,wobbly,lung lay
Tiếng Việt,Tiếng Anh,văn học,literature
Tiếng Anh,Tiếng Việt,moral,đạo đức
Tiếng Anh,Tiếng Việt,suffer,chịu đựng
Tiếng Anh,Tiếng Việt,stoical,kiên cường
Tiếng Anh,Tiếng Việt,acquire,có được
Tiếng Anh,Tiếng Việt,immerse,chìm đắm
Tiếng Anh,Tiếng Việt,spontaneous,tự nhiên
Tiếng Anh,Tiếng Việt,arrangement,sắp xếp
Tiếng Anh,Tiếng Việt,emerge,xuất hiện
Tiếng Anh,Tiếng Việt,regimen,phác đồ
Tiếng Anh,Tiếng Việt,reaction,phản ứng
Tiếng Anh,Tiếng Việt,predictable,dự đoán
Tiếng Anh,Tiếng Việt,equip,trang bị
Tiếng Anh,Tiếng Việt,pile,đống
Tiếng Anh,Tiếng Việt,spouse,bạn đời
Tiếng Anh,Tiếng Việt,culmination,đỉnh cao
Tiếng Anh,Tiếng Việt,distillation,chưng cất
Tiếng Anh,Tiếng Việt,subtle,tinh tế
Tiếng Anh,Tiếng Việt,expose,phơi ra
Tiếng Anh,Tiếng Việt,want to aim for,muốn nhắm đến
Tiếng Anh,Tiếng Việt,fortunately,may mắn thay
Tiếng Anh,Tiếng Việt,consolidate,củng cố
Tiếng Anh,Tiếng Việt,funky,vui nhộn
Tiếng Anh,Tiếng Việt,impact,tác động
Tiếng Anh,Tiếng Việt,curiosity,sự tò mò
Tiếng Anh,Tiếng Việt,as if,như thể
Tiếng Anh,Tiếng Việt,externally,bên ngoài
Tiếng Anh,Tiếng Việt,indicates,chỉ ra
Tiếng Anh,Tiếng Việt,expedient,mưu mẹo
Tiếng Anh,Tiếng Việt,justify,biện minh
Tiếng Anh,Tiếng Việt,assertion,khẳng định
Tiếng Anh,Tiếng Việt,treat,xử lý
Tiếng Anh,Tiếng Việt,irrelevant,không liên quan
Tiếng Anh,Tiếng Việt,"laziness, impatience, and hubris","lười biếng, thiếu kiên nhẫn, và ngạo mạn"
Tiếng Anh,Tiếng Việt,excessive,quá mức
Tiếng Anh,Tiếng Việt,impatience,thiếu kiên nhẫn
Tiếng Anh,Tiếng Việt,virtue,đức tính
Tiếng Anh,Tiếng Việt,merely good to very productive,chỉ tốt cho năng suất cao
Tiếng Anh,Tiếng Việt,merely good,chỉ đơn thuần là tốt
Tiếng Anh,Tiếng Việt,leap,nhảy
Tiếng Anh,Tiếng Việt,I made the leap,Tôi đã thực hiện bước nhảy vọt
Tiếng Anh,Tiếng Việt,mastery,làm chủ
Tiếng Anh,Tiếng Việt,seed,hạt giống
Tiếng Anh,Tiếng Việt,awareness,nhận thức
Tiếng Anh,Tiếng Việt,disposal,xử lý
Tiếng Anh,Tiếng Việt,upfront,trả trước
Tiếng Anh,Tiếng Việt,modest,khiêm tốn
Tiếng Anh,Tiếng Việt,cope,đối phó
Tiếng Anh,Tiếng Việt,prototype,nguyên mẫu
Tiếng Anh,Tiếng Việt,crude,thô
Tiếng Anh,Tiếng Việt,deceptively,tưởng như
Tiếng Anh,Tiếng Việt,loosely,lỏng lẻo
Tiếng Anh,Tiếng Việt,boundary,ranh giới
Tiếng Anh,Tiếng Việt,woven,đan
Tiếng Anh,Tiếng Việt,tackle,giải quyết
Tiếng Anh,Tiếng Việt,decouple,tách riêng
Tiếng Anh,Tiếng Việt,edge case,trường hợp cạnh
Tiếng Anh,Tiếng Việt,reliability,độ tin cậy
Tiếng Anh,Tiếng Việt,isolation,cô lập
Tiếng Anh,Tiếng Việt,over time,theo thời gian
Tiếng Anh,Tiếng Việt,succinct,gọn gàng
Tiếng Anh,Tiếng Việt,utility,tiện ích
Tiếng Anh,Tiếng Việt,manipulating,thao tác
Tiếng Anh,Tiếng Việt,geometry,hình học
Tiếng Anh,Tiếng Việt,bogged,sa lầy
Tiếng Anh,Tiếng Việt,closest,gần nhất
Tiếng Anh,Tiếng Việt,yet for some reason,nhưng vì một lý do
Tiếng Anh,Tiếng Việt,substantially,đáng kể
Tiếng Anh,Tiếng Việt,aggressively,tích cực
Tiếng Anh,Tiếng Việt,rearrange,sắp xếp lại
Tiếng Anh,Tiếng Việt,In some sense,Trong một số ý nghĩa
Tiếng Anh,Tiếng Việt,clarification,làm rõ
Tiếng Anh,Tiếng Việt,useless,vô dụng
Tiếng Anh,Tiếng Việt,sloppy,cẩu thả
Tiếng Anh,Tiếng Việt,digestible,dể tiêu hóa
Tiếng Anh,Tiếng Việt,swallow,nuốt
Tiếng Anh,Tiếng Việt,flaw,lỗ hổng
Tiếng Anh,Tiếng Việt,squid,mực ống
Tiếng Anh,Tiếng Việt,desirable,mong muốn
Tiếng Anh,Tiếng Việt,nonsense,vô lý
Tiếng Anh,Tiếng Việt,ternary,tam phân
Tiếng Anh,Tiếng Việt,metric,thước đo
Tiếng Anh,Tiếng Việt,motivation,động lực
Tiếng Anh,Tiếng Việt,argue,tranh luận
Tiếng Anh,Tiếng Việt,opponent,đối thủ
Tiếng Anh,Tiếng Việt,proponent,người ủng hộ
Tiếng Pháp,Tiếng Việt,flux,dòng chảy
Tiếng Anh,Tiếng Việt,likely,có khả năng
Tiếng Anh,Tiếng Việt,mental,tinh thần
Tiếng Anh,Tiếng Việt,neatly,gọn gàng
Tiếng Anh,Tiếng Việt,overwhelmed,lấn áp
Tiếng Anh,Tiếng Việt,casual,bình thường
Tiếng Anh,Tiếng Việt,stuff,thứ
Tiếng Anh,Tiếng Việt,anticipate,dự đoán
Tiếng Anh,Tiếng Việt,pitfall,cạm bẫy
Tiếng Anh,Tiếng Việt,relinquish,buông ra
Tiếng Anh,Tiếng Việt,intimately,mật thiết
Tiếng Anh,Tiếng Việt,Put yourself in the someone’s shoes,Đặt mình vào vị trí của một người nào đó
Tiếng Anh,Tiếng Việt,messy,lộn xộn
Tiếng Anh,Tiếng Việt,heuristic,phỏng đoán
Tiếng Anh,Tiếng Việt,mundane,tầm thường
Tiếng Anh,Tiếng Việt,realize,nhận ra
Tiếng Anh,Tiếng Việt,consistency,nhất quán
Tiếng Anh,Tiếng Việt,skim,đọc lướt
Tiếng Anh,Tiếng Việt,concerned,quan tâm
Tiếng Anh,Tiếng Việt,consistent,phù hợp
Tiếng Anh,Tiếng Việt,evidently,rõ ràng
Tiếng Anh,Tiếng Việt,dismay,kinh hoàng
Tiếng Anh,Tiếng Việt,relieved,nhẹ nhõm
Tiếng Anh,Tiếng Việt,thankfully,may mắn
Tiếng Anh,Tiếng Việt,suspect,nghi ngờ
Tiếng Anh,Tiếng Việt,unsuspecting,không ngờ
Tiếng Anh,Tiếng Việt,carelessly,vô tình
Tiếng Anh,Tiếng Việt,iterate,lặp
Tiếng Anh,Tiếng Việt,against,chống lại
Tiếng Anh,Tiếng Việt,ambiguous,không rõ ràng
Tiếng Anh,Tiếng Việt,interpret,giải thích
Tiếng Anh,Tiếng Việt,actively,chủ động
Tiếng Anh,Tiếng Việt,scrutinize,xem xét kỹ lưỡng
Tiếng Anh,Tiếng Việt,misunderstood,hiểu lầm
Tiếng Anh,Tiếng Việt,misconstrued,hiểu sai
Tiếng Anh,Tiếng Việt,dash,dấu gạch ngang
Tiếng Anh,Tiếng Việt,distinguish,phân biệt
Tiếng Anh,Tiếng Việt,intimidating,hăm dọa
Tiếng Anh,Tiếng Việt,cryptic,khó hiểu
Tiếng Anh,Tiếng Việt,acronym,viết tắt
Tiếng Anh,Tiếng Việt,consume,tiêu tốn
Tiếng Anh,Tiếng Việt,implicit,ngầm
Tiếng Anh,Tiếng Việt,crucial,quan trọng
Tiếng Anh,Tiếng Việt,advocating,ủng hộ
Tiếng Anh,Tiếng Việt,formal,chính thức
Tiếng Anh,Tiếng Việt,indeed,thực sự
Tiếng Anh,Tiếng Việt,consequence,hậu quả
Tiếng Anh,Tiếng Việt,dire,nghiêm trọng
Tiếng Anh,Tiếng Việt,elapsed,trôi qua
Tiếng Anh,Tiếng Việt,measurement,đo lường
Tiếng Anh,Tiếng Việt,squeeze,ép
Tiếng Anh,Tiếng Việt,orthogonal,vuông góc
Tiếng Anh,Tiếng Việt,smash,đập
Tiếng Anh,Tiếng Việt,even though,mặc dù
Tiếng Anh,Tiếng Việt,occasionally,thỉnh thoảng
Tiếng Anh,Tiếng Việt,provocative,khiêu khích
Tiếng Anh,Tiếng Việt,eventually,cuối cùng
Tiếng Anh,Tiếng Việt,debatable,bàn cãi
Tiếng Anh,Tiếng Việt,stance,lập trường
Tiếng Anh,Tiếng Việt,scene,cảnh
Tiếng Anh,Tiếng Việt,mishap,sự rủi ro
Tiếng Anh,Tiếng Việt,leak,bị rò rỉ
Tiếng Anh,Tiếng Việt,handy,tiện dụng
Tiếng Anh,Tiếng Việt,concrete,cụ thể
Tiếng Anh,Tiếng Việt,muscle,cơ bắp
Tiếng Anh,Tiếng Việt,overuse,lạm dụng
Tiếng Anh,Tiếng Việt,hard to spot,khó phát hiện
Tiếng Anh,Tiếng Việt,eliminate,loại bỏ
Tiếng Anh,Tiếng Việt,iterators,vòng lặp
Tiếng Anh,Tiếng Việt,indices,chỉ số
Tiếng Anh,Tiếng Việt,accumulating,tích lũy
Tiếng Anh,Tiếng Việt,thesaurus,từ điển
Tiếng Anh,Tiếng Việt,reasonable,hợp lý
Tiếng Anh,Tiếng Việt,vague,mơ hồ
Tiếng Anh,Tiếng Việt,in retrospect,khi nhìn lại
Tiếng Anh,Tiếng Việt,effort,nỗ lực
Tiếng Anh,Tiếng Việt,beneath,bên dưới
Tiếng Anh,Tiếng Việt,aggregate,tổng hợp
Tiếng Anh,Tiếng Việt,surface,bề mặt
Tiếng Anh,Tiếng Việt,pride,niềm tự hào
Tiếng Anh,Tiếng Việt,adopt,áp dụng
Tiếng Anh,Tiếng Việt,perfectly factored,hoàn hảo yếu tố
Tiếng Anh,Tiếng Việt,trumps,hơn hẳn
Tiếng Anh,Tiếng Việt,circumstance,hoàn cảnh
Tiếng Anh,Tiếng Việt,realm,lĩnh vực
Tiếng Anh,Tiếng Việt,interfere,can thiệp
Tiếng Anh,Tiếng Việt,throwaway,vứt đi
Tiếng Anh,Tiếng Việt,it’s worth pursuing this goal.,nó có giá trị theo đuổi mục tiêu này.
Tiếng Anh,Tiếng Việt,colleague,đồng nghiệp
Tiếng Anh,Tiếng Việt,quite literally,theo đúng nghĩa đen
Tiếng Anh,Tiếng Việt,fundamental,nền tảng
Tiếng Anh,Tiếng Việt,criterion,tiêu chí
Tiếng Anh,Tiếng Việt,compact,nhỏ gọn
Tiếng Anh,Tiếng Việt,tougher,khó khăn hơn
Tiếng Anh,Tiếng Việt,intuition,trực giác
Tiếng Ý,Tiếng Việt,concatenate,nối
Tiếng Anh,Tiếng Việt,compound,tổ hợp
Tiếng Anh,Tiếng Việt,delimit,phân định
Tiếng Anh,Tiếng Việt,parentheses,ngoặc đơn
Tiếng Anh,Tiếng Việt,cheery,vui vẻ
Tiếng Anh,Tiếng Việt,cheat,ăn gian
Tiếng Anh,Tiếng Việt,heap,một đống
Tiếng Anh,Tiếng Việt,within,bên trong
Tiếng Anh,Tiếng Việt,claim,tuyên bố
Tiếng Pháp,Tiếng Việt,notation,ký hiệu
Tiếng Anh,Tiếng Việt,whereas,trong khi
Tiếng Anh,Tiếng Việt,proviso,điều kiện
Tiếng Anh,Tiếng Việt,For brevity,cho ngắn gọn
Tiếng Anh,Tiếng Việt,get rid of,thoát khỏi
Tiếng Anh,Tiếng Việt,simplify,đơn giản hóa
Tiếng Anh,Tiếng Việt,as well as,cũng như
Tiếng Anh,Tiếng Việt,expression,biểu thức
Tiếng Anh,Tiếng Việt,sequence,chuỗi
Tiếng Anh,Tiếng Việt,expression interpolation,biểu hiện bên trong
Tiếng Anh,Tiếng Việt,substitution,thay thế
Tiếng Anh,Tiếng Việt,It’s worth noting,Nó đáng chú ý
Tiếng Anh,Tiếng Việt,worth,giá trị
Tiếng Anh,Tiếng Việt,complicate,phức tạp
Tiếng Anh,Tiếng Việt,along with,cùng với
Tiếng Anh,Tiếng Việt,invoke,gọi
Tiếng Anh,Tiếng Việt,in turn,đến lượt
Tiếng Anh,Tiếng Việt,chunk,đoạn
Tiếng Pháp,Tiếng Việt,object identifier,nhận dạng đối tượng
Tiếng Pháp,Tiếng Việt,identifier,xác định
Tiếng Anh,Tiếng Việt,abbreviate,viết tắt
Tiếng Anh,Tiếng Việt,characteristic,đặc trưng
Tiếng Anh,Tiếng Việt,derive,bắt nguồn
Tiếng Anh,Tiếng Việt,associated,liên quan
Tiếng Anh,Tiếng Việt,so on,vân vân
Tiếng Anh,Tiếng Việt,interchangeably,thay thế cho nhau
Tiếng Anh,Tiếng Việt,represent,đại diện
Tiếng Anh,Tiếng Việt,concept,khái niệm
Tiếng Anh,Tiếng Việt,terminology,thuật ngữ
Tiếng Anh,Tiếng Việt,interpretation,diễn giải
Tiếng Anh,Tiếng Việt,manipulate,thao tác
Tiếng Anh,Tiếng Việt,genuine,chính hãng
Tiếng Anh,Tiếng Việt,somewhat tedious,hơi tẻ nhạt
Tiếng Anh,Tiếng Việt,I’m still deeply indebted,Tôi vẫn còn mang ơn sâu sắc
Tiếng Anh,Tiếng Việt,indebted,mang ơn
Tiếng Anh,Tiếng Việt,folk,những người của một giai cấp
Tiếng Anh,Tiếng Việt,feel right at home,cảm thấy như ở nhà
Tiếng Anh,Tiếng Việt,gentle,nhẹ nhàng
Tiếng Anh,Tiếng Việt,fairly,khá
Tiếng Anh,Tiếng Việt,fairly gentle,khá nhẹ nhàng
Tiếng Anh,Tiếng Việt,celebration,lễ kỷ niệm
Tiếng Anh,Tiếng Việt,best of breed,tốt nhất của giống
Tiếng Anh,Tiếng Việt,distribution,phân phối
Tiếng Anh,Tiếng Việt,progress,tiến bộ
Tiếng Anh,Tiếng Việt,smooth,trơn tru
Tiếng Anh,Tiếng Việt,belief,niềm tin
Tiếng Anh,Tiếng Việt,That’s how,Đó là cách
Tiếng Anh,Tiếng Việt,Ruby stays out of your way,Ruby vẫn ra theo cách của bạn
Tiếng Anh,Tiếng Việt,struggle,đấu tranh
Tiếng Anh,Tiếng Việt,concentrate,tập trung
Tiếng Anh,Tiếng Việt,colon,dấu hai chấm
Tiếng Anh,Tiếng Việt,differentiate,phân biệt
Tiếng Anh,Tiếng Việt,the rest of,phần còn lại của
Tiếng Anh,Tiếng Việt,significant,có ý nghĩa
Tiếng Anh,Tiếng Việt,vary depending,thay đổi tùy theo
Tiếng Anh,Tiếng Việt,rent,thuê
Tiếng Anh,Tiếng Việt,thus,do đó
Tiếng Anh,Tiếng Việt,worthwhile,giá trị
Tiếng Anh,Tiếng Việt,"comprehensible,","dễ hiểu,"
Tiếng Anh,Tiếng Việt,introductory,giới thiệu
Tiếng Anh,Tiếng Việt,considerably,đáng kể
Tiếng Anh,Tiếng Việt,although,mặc dù
Tiếng Anh,Tiếng Việt,start off,bắt đầu
Tiếng Anh,Tiếng Việt,It’s no surprise then,Không có gì ngạc nhiên khi
Tiếng Anh,Tiếng Việt,illustrate,minh họa
Tiếng Anh,Tiếng Việt,regret,hối tiếc
Tiếng Anh,Tiếng Việt,brave,dũng cảm
Tiếng Anh,Tiếng Việt,unusual,bất thường
Tiếng Anh,Tiếng Việt,generalization,tổng quát
Tiếng Anh,Tiếng Việt,what is going on,những gì đang xảy ra
Tiếng Anh,Tiếng Việt,poll,cuộc thăm dò
Tiếng Anh,Tiếng Việt,wandering,lang thang
Tiếng Anh,Tiếng Việt,slightly sleepy,hơi buồn ngủ
Tiếng Anh,Tiếng Việt,conference,hội nghị
Tiếng Anh,Tiếng Việt,broad,rộng
Tiếng Anh,Tiếng Việt,traditionally,truyền thống
Tiếng Anh,Tiếng Việt,stink,bốc mùi
Tiếng Anh,Tiếng Việt,shallow,chổ cạn
Tiếng Anh,Tiếng Việt,distinction,sự phân biệt
Tiếng Anh,Tiếng Việt,nifty,tiện lợi
Tiếng Anh,Tiếng Việt,tailored,phù hợp
Tiếng Anh,Tiếng Việt,particularly,cặn kẻ
Tiếng Anh,Tiếng Việt,own,làm chủ
Tiếng Anh,Tiếng Việt,sooner or later,sớm hay muộn
Tiếng Anh,Tiếng Việt,accordance,theo
Tiếng Anh,Tiếng Việt,explicit,rõ ràng
Tiếng Anh,Tiếng Việt,fastidious,khó khăn
Tiếng Anh,Tiếng Việt,offer,cung cấp
Tiếng Anh,Tiếng Việt,for a living,cho một cuộc sống
Tiếng Anh,Tiếng Việt,proven,đã được chứng minh
Tiếng Anh,Tiếng Việt,promote,phát huy
Tiếng Anh,Tiếng Việt,piece,mảnh
Tiếng Anh,Tiếng Việt,intersection,sự giao nhau
Tiếng Anh,Tiếng Việt,due to,do
Tiếng Anh,Tiếng Việt,friction,va chạm
Tiếng Anh,Tiếng Việt,hypothetical,giả
Tiếng Anh,Tiếng Việt,applicable,áp dụng
Tiếng Anh,Tiếng Việt,organization,cách tổ chức
Tiếng Anh,Tiếng Việt,"A controller spec is broken down by controller method–each example is based off of a single action and, optionally, any params passed to it","Một spec điều khiển được chia nhỏ theo phương pháp điều khiển, mỗi ví dụ được dựa trên một hành động duy nhất và, tùy chọn, bất kỳ params được truyền cho nó"
Tiếng Anh,Tiếng Việt,fixture,trận đấu
Tiếng Anh,Tiếng Việt,bypasses,bỏ qua
Tiếng Anh,Tiếng Việt,prove,chứng minh
Tiếng Anh,Tiếng Việt,expectation,trông mong
Tiếng Anh,Tiếng Việt,approach,phương pháp tiếp cận
Tiếng Anh,Tiếng Việt,announce,thông báo
Tiếng Anh,Tiếng Việt,clues,đầu mối
Tiếng Anh,Tiếng Việt,set of expectations,thiết lập những kỳ vọng
Tiếng Anh,Tiếng Việt,foray,xâm lược
Tiếng Anh,Tiếng Việt,cumbersome,cồng kềnh
Tiếng Anh,Tiếng Việt,capacity,khả năng
Tiếng Anh,Tiếng Việt,omitting,bỏ qua
Tiếng Anh,Tiếng Việt,anatomy,giải phẫu
Tiếng Anh,Tiếng Việt,guidance,hướng dẫn
Tiếng Anh,Tiếng Việt,paradigm,mô hình
Tiếng Anh,Tiếng Việt,acceptance testing,kiểm tra nghiệm thu
Tiếng Anh,Tiếng Việt,clutter,lộn xộn
Tiếng Anh,Tiếng Việt,descriptive,mô tả
Tiếng Anh,Tiếng Việt,essence,bản chất
Tiếng Anh,Tiếng Việt,positive benefit,lợi ích tích cực
Tiếng Anh,Tiếng Việt,ultimately,cuối cùng
Tiếng Anh,Tiếng Việt,argument against,lập luận phản đối
Tiếng Anh,Tiếng Việt,pound away,đập đi
Tiếng Anh,Tiếng Việt,but they are a lousy way of showing that what the developer thinks is what the program actually should do,nhưng họ là một cách tệ hại của cho thấy những gì các nhà phát triển cho rằng là những chương trình thực sự nên làm
Tiếng Anh,Tiếng Việt,"Automated developer tests are a wonderful way of showing that the program does what the developer thinks it does,","Kiểm tra phát triển tự động là một cách tuyệt vời cho thấy rằng chương trình làm những gì các nhà phát triển cho rằng có,"
Tiếng Anh,Tiếng Việt,which can itself be partially automated via something like Cucumber,mà bản thân nó có thể được tự động hóa một phần thông qua một cái gì đó như dưa chuột
Tiếng Anh,Tiếng Việt,substitute,thay thế
Tiếng Anh,Tiếng Việt,lousy,tệ hại
Tiếng Anh,Tiếng Việt,toward,hướng tới
Tiếng Anh,Tiếng Việt,conform,phù hợp
Tiếng Anh,Tiếng Việt,benefit,quyền lợi
Tiếng Anh,Tiếng Việt,coupled,kết
Tiếng Anh,Tiếng Việt,high cohesion / low coupling,sự gắn kết cao / thấp khớp nối
Tiếng Anh,Tiếng Việt,intertwined proximity,gần gũi gắn bó với nhau
Tiếng Anh,Tiếng Việt,very close,rất gần
Tiếng Anh,Tiếng Việt,universal client,khách hàng phổ thông
Tiếng Anh,Tiếng Việt,As it happens,Khi nó xảy ra
Tiếng Anh,Tiếng Việt,I used to think that was kind of a lucky coincidence,Tôi đã từng nghĩ đó là loại một sự trùng hợp may mắn
Tiếng Anh,Tiếng Việt,lucky coincidence,ngẫu nhiên may mắn
Tiếng Anh,Tiếng Việt,coincidence,trùng hợp ngẫu nhiên
Tiếng Anh,Tiếng Việt,hallmark,dấu hiệu
Tiếng Anh,Tiếng Việt,loosely coupled,lỏng lẻo cùng
Tiếng Anh,Tiếng Việt,tend,có xu hướng
Tiếng Anh,Tiếng Việt,continually,liên tục
Tiếng Anh,Tiếng Việt,aligning,sắp xếp
Tiếng Anh,Tiếng Việt,covered,bảo đảm
Tiếng Anh,Tiếng Việt,deterministic,xác định
Tiếng Anh,Tiếng Việt,frustrated,thất vọng
Tiếng Anh,Tiếng Việt,goal,Mục tiêu
Tiếng Anh,Tiếng Việt,confidence,sự tự tin
Tiếng Anh,Tiếng Việt,accurate,chính xác
Tiếng Anh,Tiếng Việt,advantage,lợi thế
Tiếng Anh,Tiếng Việt,obviously simplified,rõ ràng là đơn giản hóa
Tiếng Anh,Tiếng Việt,conscientious,tận tâm
Tiếng Anh,Tiếng Việt,punchline,phần kết thúc
Tiếng Anh,Tiếng Việt,Bear with me,Chịu khó với tôi
Tiếng Anh,Tiếng Việt,doubt,nghi ngờ
Tiếng Anh,Tiếng Việt,allergic,dị ứng
Tiếng Anh,Tiếng Việt,pertinent,thích hợp
Tiếng Anh,Tiếng Việt,sake,vì lợi ích
Tiếng Anh,Tiếng Việt,trivial,tầm thường
Tiếng Anh,Tiếng Việt,motivated,động cơ
Tiếng Anh,Tiếng Việt,delightful,thú vị
Tiếng Anh,Tiếng Việt,charming,quyến rũ
Tiếng Anh,Tiếng Việt,fable,tưởng tượng
Tiếng Anh,Tiếng Việt,scrum,cuộc đánh nhau
Tiếng Anh,Tiếng Việt,agile,nhanh nhẹn
Tiếng Anh,Tiếng Việt,retire,rút lui
Tiếng Anh,Tiếng Việt,All the good stuff is yet to come,Tất cả những thứ tốt vẫn chưa đến
Tiếng Anh,Tiếng Việt,automate interaction,tự động tương tác
Tiếng Anh,Tiếng Việt,relate to,liên quan đến
Tiếng Anh,Tiếng Việt,expressed,bày tỏ
Tiếng Anh,Tiếng Việt,"Ideally, these are the result of a collaborative effort between
the customer and the delivery team","Lý tưởng nhất, đây là kết quả của một nỗ lực hợp tác giữa
khách hàng và đội ngũ giao hàng"
Tiếng Anh,Tiếng Việt,premise,tiền đề
Tiếng Anh,Tiếng Việt,evolved,phát triển
Tiếng Anh,Tiếng Việt,syntactic,thuộc về cú pháp
Tiếng Anh,Tiếng Việt,triad,bộ ba
Tiếng Anh,Tiếng Việt,outcome,kết quả
Tiếng Anh,Tiếng Việt,occur,xảy ra
Tiếng Anh,Tiếng Việt,BDD aims to help communication by simplifying the language we use to describe scenarios,BDD nhằm giúp đơn giản hóa giao tiếp bằng ngôn ngữ chúng tôi sử dụng để mô tả các kịch bản
Tiếng Anh,Tiếng Việt,aim,nhằm mục đích
Tiếng Anh,Tiếng Việt,software development teams face are communication problems,nhóm phát triển phần mềm phải đối mặt là vấn đề thông tin liên lạc
Tiếng Anh,Tiếng Việt,Once we acknowledge,Một khi chúng ta thừa nhận
Tiếng Anh,Tiếng Việt,whether,liệu
Tiếng Anh,Tiếng Việt,stakeholders,các bên liên quan
Tiếng Anh,Tiếng Việt,The same is true at,Điều này cũng đúng ở
Tiếng Anh,Tiếng Việt,object’s internal structure,cấu trúc bên trong của đối tượng
Tiếng Anh,Tiếng Việt,suite,bộ
Tiếng Anh,Tiếng Việt,brittleness,"độ dòn, dễ vỡ"
Tiếng Anh,Tiếng Việt,"ignored and, ultimately, discarded",bỏ qua và cuối cùng là loại bỏ
Tiếng Anh,Tiếng Việt,specifically,đặc biệt
Tiếng Anh,Tiếng Việt,deliver,cung cấp
Tiếng Anh,Tiếng Việt,rather than,thay vì
Tiếng Anh,Tiếng Việt,This is emergent design at a granular level and is one of the most significant by-products of TDD,Đây là thiết kế nổi dần tại mức cao và là một trong những quan trọng nhất các sản phẩm của TDD
Tiếng Anh,Tiếng Việt,"The design is constantly evolving and under constant review, though it is not predetermined","Thiết kế không ngừng phát triển và được xem xét liên tục, mặc dù nó không được định trước"
Tiếng Anh,Tiếng Việt,predetermined,được xác định trước
Tiếng Anh,Tiếng Việt,attention,sự chú ý
Tiếng Anh,Tiếng Việt,emergent design,thiết kế nổi dần
Tiếng Anh,Tiếng Việt,judge,đánh giá
Tiếng Anh,Tiếng Việt,observe,tuân theo
Tiếng Anh,Tiếng Việt,notion,khái niệm
Tiếng Anh,Tiếng Việt,involve,liên quan đến
Tiếng Anh,Tiếng Việt,brief,ngắn gọn
Tiếng Anh,Tiếng Việt,attempt,nỗ lực
Tiếng Anh,Tiếng Việt,ubiquitous,phổ biến
Tiếng Anh,Tiếng Việt,clarify,làm rõ
Tiếng Anh,Tiếng Việt,confusion,nhầm lẫn
Tiếng Anh,Tiếng Việt,wrapper,bao bọc
Tiếng Anh,Tiếng Việt,context,bối cảnh
Tiếng Anh,Tiếng Việt,avoid,tránh
Tiếng Anh,Tiếng Việt,dispatch,gởi
Tiếng Anh,Tiếng Việt,recognize,nhận biết
Tiếng Anh,Tiếng Việt,farewell,chia tay
Tiếng Anh,Tiếng Việt,conscious,có ý thức
Tiếng Anh,Tiếng Việt,forbidden,cấm
Tiếng Anh,Tiếng Việt,inherit,kế thừa
Tiếng Anh,Tiếng Việt,strictly,nghiêm ngặt
Tiếng Anh,Tiếng Việt,favors,ủng hộ
Tiếng Anh,Tiếng Việt,encapsulate,đóng gói
Tiếng Anh,Tiếng Việt,format expected,định dạng mong đợi
Tiếng Anh,Tiếng Việt,amend,sửa đổi
Tiếng Anh,Tiếng Việt,beyond,vượt quá
Tiếng Anh,Tiếng Việt,mention,đề cập đến
Tiếng Anh,Tiếng Việt,Individual,cá nhân
Tiếng Anh,Tiếng Việt,is to,là
Tiếng Anh,Tiếng Việt,alternative,thay thế
Tiếng Anh,Tiếng Việt,verbose,dài dòng
Tiếng Anh,Tiếng Việt,arbitrary,tùy ý
Tiếng Anh,Tiếng Việt,suffix,hậu tố
Tiếng Anh,Tiếng Việt,dealing,xử lý
Tiếng Anh,Tiếng Việt,reflect,phản ánh
Tiếng Anh,Tiếng Việt,encourages,khuyến khích
Tiếng Anh,Tiếng Việt,regardless,bất kể
Tiếng Anh,Tiếng Việt,actual,thực tế
Tiếng Anh,Tiếng Việt,suitable,phù hợp
Tiếng Anh,Tiếng Việt,Upon,trên
Tiếng Anh,Tiếng Việt,lack,thiếu hụt
Tiếng Anh,Tiếng Việt,somewhat verbose,hơi dài dòng
Tiếng Anh,Tiếng Việt,manageable,quản lý
Tiếng Anh,Tiếng Việt,convey,truyền tải
Tiếng Anh,Tiếng Việt,willing,sẵn sàng
Tiếng Anh,Tiếng Việt,deprecated,phản đối
Tiếng Anh,Tiếng Việt,One such,một trong những
Tiếng Anh,Tiếng Việt,straightforward,đơn giản
Tiếng Anh,Tiếng Việt,perspective,quan điểm
Tiếng Anh,Tiếng Việt,specifically catered to,đặc biệt phục vụ cho
Tiếng Anh,Tiếng Việt,dramatically,nhanh chóng
Tiếng Anh,Tiếng Việt,scattered,rải rác
Tiếng Anh,Tiếng Việt,tie,đồng hạng
Tiếng Anh,Tiếng Việt,negative feelings toward,cảm xúc tiêu cực đối với
Tiếng Anh,Tiếng Việt,yield,bày ra
Tiếng Anh,Tiếng Việt,since both,vì cả hai
Tiếng Anh,Tiếng Việt,instructs,chỉ thị
Tiếng Anh,Tiếng Việt,"impractical, practical","không thực tế, thực tế"
Tiếng Anh,Tiếng Việt,batches,đợt
Tiếng Anh,Tiếng Việt,equivalent,tương đương
Tiếng Anh,Tiếng Việt,supplied,cung cấp
Tiếng Anh,Tiếng Việt,bind,ràng buộc
Tiếng Anh,Tiếng Việt,variety,nhiều
Tiếng Anh,Tiếng Việt,scope,phạm vi
Tiếng Anh,Tiếng Việt,need to be backed,cần phải được hỗ trợ
Tiếng Anh,Tiếng Việt,retrieve,lấy
Tiếng Anh,Tiếng Việt,entity,thực thể
Tiếng Anh,Tiếng Việt,semantics,ngữ nghĩa
Tiếng Anh,Tiếng Việt,inferred,suy ra
Tiếng Anh,Tiếng Việt,infers,suy luận
Tiếng Anh,Tiếng Việt,streamline,sắp xếp
Tiếng Anh,Tiếng Việt,consider,xem xét
Tiếng Anh,Tiếng Việt,ordinary,bình thường
Tiếng Anh,Tiếng Việt,interact,tương tác
Tiếng Anh,Tiếng Việt,enumerable,đếm
Tiếng Anh,Tiếng Việt,exclusion,loại trừ
Tiếng Anh,Tiếng Việt,terms,các điều khoản
Tiếng Anh,Tiếng Việt,typically,thường
Tiếng Anh,Tiếng Việt,determine whether,xác định xem
Tiếng Anh,Tiếng Việt,determine,xác định
Tiếng Anh,Tiếng Việt,unwieldy and difficult to test and maintain,cồng kềnh và khó khăn để kiểm tra và duy trì
Tiếng Anh,Tiếng Việt,be tempting to use,được hấp để sử dụng
Tiếng Anh,Tiếng Việt,unreliable if used alone,không đáng tin cậy nếu được sử dụng một mình
Tiếng Anh,Tiếng Việt,presence,hiện diện
Tiếng Anh,Tiếng Việt,constraints,ràng buộc
Tiếng Anh,Tiếng Việt,mechanisms,cơ chế
Tiếng Anh,Tiếng Việt,associations,sự kết hợp
Tiếng Anh,Tiếng Việt,entire,toàn bộ
Tiếng Anh,Tiếng Việt,they just represent the current state of the database,họ chỉ đại diện cho trạng thái hiện tại của cơ sở dữ liệu
Tiếng Anh,Tiếng Việt,mighty,mạnh
Tiếng Anh,Tiếng Việt,prior to updating data,trước khi cập nhật dữ liệu
Tiếng Anh,Tiếng Việt,subsequent,tiếp theo
Tiếng Anh,Tiếng Việt,problems occur,vấn đề xảy ra
Tiếng Anh,Tiếng Việt,scaffolding,giàn giáo
Tiếng Anh,Tiếng Việt,dominate,chiếm ưu thế
Tiếng Việt,Tiếng Anh,lồng vào nhau,nested
Tiếng Anh,Tiếng Việt,responsible for providing,trách nhiệm cung cấp
Tiếng Anh,Tiếng Việt,Digging Deeper,đào sâu
Tiếng Anh,Tiếng Việt,scale,quy mô
Tiếng Anh,Tiếng Việt,curly braces,dấu ngoặc nhọn
Tiếng Anh,Tiếng Việt,manipulate your database,thao tác cơ sở dữ liệu của bạn
Tiếng Anh,Tiếng Việt,evolve your database schema over time,phát triển giản đồ cơ sở dữ liệu của bạn theo thời gian
Tiếng Anh,Tiếng Việt,Plural with underscores separating words,Số nhiều với gạch từ tách
Tiếng Anh,Tiếng Việt,Activerecord was described by Martin Fowler,Activerecord được mô tả bởi Martin Fowler
Tiếng Anh,Tiếng Việt,implicit conversion,chuyển đổi ngầm
Tiếng Anh,Tiếng Việt,figure out,tìm ra
Tiếng Anh,Tiếng Việt,"interactively, non-interactively","tương tác, không tương tác"
Tiếng Anh,Tiếng Việt,prevents,ngăn chặn
Tiếng Anh,Tiếng Việt,use-cases,"sử dụng, trường hợp"
Tiếng Anh,Tiếng Việt,form markup can quickly become tedious,hình thức đánh dấu có thể nhanh chóng trở nên tẻ nhạt
Tiếng Anh,Tiếng Việt,essential interface,giao diện cần thiết
Tiếng Anh,Tiếng Việt,transmitted,truyền
Tiếng Việt,Tiếng Anh,phù hợp,accordant
Tiếng Việt,Tiếng Anh,không hiệu quả,inefficient
Tiếng Anh,Tiếng Việt,jar,chai
Tiếng Anh,Tiếng Việt,will be necessary,sẽ là cần thiết
Tiếng Anh,Tiếng Việt,you plan to work on other files,bạn có kế hoạch để làm việc trên các tập tin khác
Tiếng Việt,Tiếng Anh,năng suất,productivity
Tiếng Anh,Tiếng Việt,please be aware,xin vui lòng lưu ý
Tiếng Anh,Tiếng Việt,find out how easy it's,tìm ra dễ dàng như thế nào
Tiếng Anh,Tiếng Việt,It would be great if,Nó sẽ là tuyệt vời nếu
Tiếng Anh,Tiếng Việt,a little bit more about the,hơn một chút về
Tiếng Việt,Tiếng Anh,KHông có gì nghiêm trọng xảy ra,Nothing serious happened
Tiếng Anh,Tiếng Việt,as soon as possible,càng sớm càng tốt
Tiếng Anh,Tiếng Việt,wants to contribute,muốn đóng góp